{"cameraMode":{"drawMode":0,"name":"Shaded","section":"Shading Mode"},"sceneLighting":true,"audioPlay":false,"sceneViewState":{"showFog":true,"showMaterialUpdate":false,"showSkybox":true,"showFlares":true,"showImageEffects":true,"showParticleSystems":true},"in2DMode":false,"pivot":{"x":158.94638061523438,"y":11.397601127624512,"z":-168.59835815429688},"rotation":{"x":0.007190375123172998,"y":0.00209708116017282,"z":0.000015130513929761946,"w":-0.999973714351654},"size":437.4695129394531,"orthographic":false}