{"cameraMode":{"drawMode":0,"name":"Shaded","section":"Shading Mode"},"sceneLighting":false,"audioPlay":false,"sceneViewState":{"showFog":true,"showMaterialUpdate":false,"showSkybox":false,"showFlares":true,"showImageEffects":true,"showParticleSystems":true},"in2DMode":false,"pivot":{"x":782.0374145507813,"y":220.303466796875,"z":258.0396423339844},"rotation":{"x":-0.1303127408027649,"y":-0.5016154646873474,"z":0.07674096524715424,"w":-0.8517837524414063},"size":5.8618693351745609,"orthographic":false}