{"cameraMode":{"drawMode":0,"name":"Shaded","section":"Shading Mode"},"sceneLighting":false,"audioPlay":false,"sceneViewState":{"showFog":true,"showMaterialUpdate":false,"showSkybox":false,"showFlares":true,"showImageEffects":true,"showParticleSystems":true},"in2DMode":false,"pivot":{"x":2.4830093383789064,"y":1.0294437408447266,"z":-1.6254481077194214},"rotation":{"x":-0.16508245468139649,"y":0.5441524386405945,"z":-0.11019767075777054,"w":-0.8151781558990479},"size":1.2003114223480225,"orthographic":false}