{"cameraMode":{"drawMode":0,"name":"Shaded","section":"Shading Mode"},"sceneLighting":false,"audioPlay":false,"sceneViewState":{"showFog":true,"showMaterialUpdate":false,"showSkybox":false,"showFlares":true,"showImageEffects":true,"showParticleSystems":true},"in2DMode":false,"pivot":{"x":214.29428100585938,"y":6.347098350524902,"z":114.16741180419922},"rotation":{"x":-0.23129360377788545,"y":-0.203703373670578,"z":0.04959171265363693,"w":-0.9500377774238586},"size":22.323604583740236,"orthographic":false}