{"cameraMode":{"drawMode":0,"name":"Shaded","section":"Shading Mode"},"sceneLighting":false,"audioPlay":false,"sceneViewState":{"showFog":true,"showMaterialUpdate":false,"showSkybox":false,"showFlares":true,"showImageEffects":true,"showParticleSystems":true},"in2DMode":false,"pivot":{"x":245.2899932861328,"y":0.12696298956871034,"z":178.3800048828125},"rotation":{"x":-0.13989700376987458,"y":0.5909795165061951,"z":-0.10498551279306412,"w":-0.7875114679336548},"size":5.2773966789245609,"orthographic":false}