{"cameraMode":{"drawMode":0,"name":"Shaded","section":"Shading Mode"},"sceneLighting":false,"audioPlay":false,"sceneViewState":{"showFog":true,"showMaterialUpdate":false,"showSkybox":true,"showFlares":true,"showImageEffects":true,"showParticleSystems":true},"in2DMode":false,"pivot":{"x":-2.569164276123047,"y":-10.89208984375,"z":-16.4560546875},"rotation":{"x":-0.5796016454696655,"y":0.011486565694212914,"z":-0.00817114394158125,"w":-0.8147794008255005},"size":2411.384765625,"orthographic":false}