{"cameraMode":{"drawMode":0,"name":"Shaded","section":"Shading Mode"},"sceneLighting":false,"audioPlay":false,"sceneViewState":{"showFog":true,"showMaterialUpdate":false,"showSkybox":true,"showFlares":true,"showImageEffects":true,"showParticleSystems":true},"in2DMode":false,"pivot":{"x":-0.1437717080116272,"y":1.2534384727478028,"z":2.6251893043518068},"rotation":{"x":0.4407694637775421,"y":-0.09633822739124298,"z":0.04765944182872772,"w":0.8911862373352051},"size":4.173212051391602,"orthographic":false}