{"cameraMode":{"drawMode":0,"name":"Shaded","section":"Shading Mode"},"sceneLighting":false,"audioPlay":false,"sceneViewState":{"showFog":true,"showMaterialUpdate":false,"showSkybox":false,"showFlares":true,"showImageEffects":true,"showParticleSystems":true},"in2DMode":false,"pivot":{"x":245.68643188476563,"y":0.15002353489398957,"z":180.98362731933595},"rotation":{"x":-0.13989700376987458,"y":0.5909795165061951,"z":-0.10498551279306412,"w":-0.7875114679336548},"size":8.18985366821289,"orthographic":false}