{"cameraMode":{"drawMode":0,"name":"Shaded","section":"Shading Mode"},"sceneLighting":false,"audioPlay":false,"sceneViewState":{"showFog":true,"showMaterialUpdate":false,"showSkybox":false,"showFlares":true,"showImageEffects":true,"showParticleSystems":true},"in2DMode":false,"pivot":{"x":1268.711669921875,"y":75.47469329833985,"z":689.7304077148438},"rotation":{"x":-0.12431538850069046,"y":0.4975340962409973,"z":-0.07230222970247269,"w":-0.8554532527923584},"size":304.89361572265627,"orthographic":false}