{"cameraMode":{"drawMode":0,"name":"Shaded","section":"Shading Mode"},"sceneLighting":false,"audioPlay":false,"sceneViewState":{"showFog":true,"showMaterialUpdate":false,"showSkybox":false,"showFlares":true,"showImageEffects":true,"showParticleSystems":true},"in2DMode":false,"pivot":{"x":0.2009977549314499,"y":0.3619416356086731,"z":-0.1323888599872589},"rotation":{"x":-0.1956440955400467,"y":0.5157027840614319,"z":-0.12227849662303925,"w":-0.8251284956932068},"size":1.5453084707260132,"orthographic":false}