{"cameraMode":{"drawMode":0,"name":"Shaded","section":"Shading Mode"},"sceneLighting":false,"audioPlay":false,"sceneViewState":{"showFog":true,"showMaterialUpdate":false,"showSkybox":false,"showFlares":true,"showImageEffects":true,"showParticleSystems":true},"in2DMode":false,"pivot":{"x":783.4711303710938,"y":222.07839965820313,"z":251.428955078125},"rotation":{"x":-0.13989700376987458,"y":0.5909795165061951,"z":-0.10498551279306412,"w":-0.7875114679336548},"size":4.790089130401611,"orthographic":false}